tva_nwsid,station_name,camelsh_usgs_id,camelsh_station_name,camelsh_area_sqkm,has_camelsh_observed_flow,hours_1997_2018,pct_1997_2018,hours_2019,hours_2020_2024,first_year_with_flow,tva_forecast_file_in_zip,camelsh_lat,camelsh_lon,camelsh_hours_1980_2024
BIGT1,Big Sandy at Bruceton,03606500,"BIG SANDY RIVER AT BRUCETON, TN",532.4607,True,143764.0,75.0,8760.0,43840.0,2002.0,True,36.0369824,-88.2291202,196364.0
BIRN7,Oconaluftee at Birdtown,03512000,"OCONALUFTEE RIVER AT BIRDTOWN, NC",476.0343,True,165064.0,86.0,8759.0,43648.0,1985.0,True,35.46138889,-83.35361111,300330.0
BLTN7,Swannanoa at Biltmore,03451000,"SWANNANOA RIVER AT BILTMORE, NC",335.4329,True,189733.0,98.0,8744.0,42780.0,1985.0,True,35.56833333,-82.54472222,338268.0
BNAA1,Big Nance Creek at Courtland,03586500,BIG NANCE CREEK AT COURTLAND AL,423.4077,True,189249.0,98.0,8756.0,43817.0,1994.0,True,34.67009046,-87.31724293,261566.0
BRRT1,Red blw Highway 61,,,,False,,,,,,True,,,
BRVG1,Nottely nr Blairsville (USGS),03550500,"NOTTELY RIVER NEAR BLAIRSVILLE, GA.",193.9392,True,95805.0,50.0,8682.0,43311.0,2007.0,False,34.8412001,-83.93601899,147798.0
CAFT1,Calfkiller blw Sparta,03419530,,,False,,,,,,True,,,
CDZK2,Little nr Cadiz,03438000,"LITTLE RIVER NEAR CADIZ, KY",634.8636,False,,,,,,False,36.77782614,-87.72168196,
CEPN7,East Fork Pigeon at Canton,03456500,"EAST FORK PIGEON RIVER NEAR CANTON, NC",133.4268,True,189547.0,98.0,8760.0,43700.0,1985.0,False,35.46166667,-82.86972222,331669.0
CHSA1,Flint nr Chase,,,,False,,,,,,False,,,
DOET1,Doe at Elizabethton,03485500,"DOE RIVER AT ELIZABETHTON, TN",355.3938,True,17765.0,9.0,8757.0,43721.0,2016.0,False,36.34455309,-82.210132,70243.0
EMBT1,Nolichucky at Embreeville,03465500,"NOLICHUCKY RIVER AT EMBREEVILLE, TN",2081.6,True,180499.0,94.0,8728.0,41506.0,1990.0,True,36.1764961,-82.45736398,289992.0
EMGT1,Yellow Creek at Ellis Mills,00561528,,,False,,,,,,False,,,
ENGG1,Lookout at New England,03568933,"LOOKOUT CREEK NEAR NEW ENGLAND, GA",378.981,True,188871.0,98.0,8495.0,43781.0,1989.0,False,34.8975,-85.46305556,304452.0
FLTT1,Buffalo nr Flat Woods,03604000,"BUFFALO RIVER NEAR FLAT WOODS, TN",1163.026,True,190717.0,99.0,8749.0,43809.0,1989.0,True,35.49590598,-87.83280366,306445.0
FTCT1,Fightingtown Creek at Copperhill,,,,False,,,,,,False,,,
GERA1,Town Creek nr Geraldine,,,,False,,,,,,True,,,
HORT1,Horse Creek nr Savannah,03593800,"HORSE CREEK NEAR SAVANNAH, TENN (TVA)",275.2776,True,54334.0,28.0,8757.0,43273.0,2012.0,True,35.17707091,-88.20958657,106364.0
HURG1,Toccoa near Dial,03558000,"TOCCOA RIVER NEAR DIAL, GA.",456.6915,True,17528.0,9.0,8713.0,43694.0,2016.0,True,34.79008522,-84.23991608,69935.0
HWEG1,Hiwassee nr Hiawassee,03544970,"HIWASSEE RIVER AT RIVERSIDE DR, NR HIAWASSEE, GA",104.1741,True,97432.0,51.0,8719.0,42282.0,2007.0,False,34.883982,-83.721562,148433.0
IRCT1,Shoal Creek at Iron City,03588500,"SHOAL CREEK AT IRON CITY, TN",900.6111,True,159296.0,83.0,8749.0,41467.0,1987.0,False,35.02412144,-87.57903263,248019.0
IVYN7,Ivy at Marshall,03453000,IVY CREEK NEAR MARSHALL N C,408.69,True,190650.0,99.0,8760.0,43219.0,1994.0,False,35.76972222,-82.62083333,264580.0
JNSV2,Powell nr Jonesville,03531500,"POWELL RIVER NEAR JONESVILLE, VA",827.6904,True,188948.0,98.0,8604.0,43607.0,1990.0,False,36.66203367,-83.09489278,276658.0
MCGT1,Collins nr McMinnville,03421000,"COLLINS RIVER NEAR MCMINNVILLE, TN",1664.06,False,,,,,,True,35.70828392,-85.73183378,
MCST1,Duck blw Manchester,03596000,"DUCK RIVER BELOW MANCHESTER, TN",289.5669,True,89228.0,46.0,8760.0,43848.0,2008.0,True,35.47090987,-86.1216556,141836.0
OAKT1,Emory at Oakdale,03540500,"EMORY RIVER AT OAKDALE, TN",1814.825,True,191629.0,99.0,8671.0,43747.0,1985.0,True,35.98313072,-84.55799208,305609.0
PLKT1,Richland at Pulaski,03584045,,,False,,,,,,True,,,
PORT1S,Sulphur Fork of the Red nr Adams,,,,False,,,,,,True,,,
PRTN7,Little Tennessee at Prentiss,03500000,"LITTLE TENNESSEE RIVER NEAR PRENTISS, NC",361.1439,True,191114.0,99.0,8760.0,43815.0,1985.0,True,35.15,-83.37972222,338149.0
RLRV2,Clinch at Richlands,03521500,"CLINCH RIVER AT RICHLANDS, VA",355.6161,False,,,,,,False,37.08622488,-81.78094879,
ROSN7,French Broad at Rosman,03439000,"FRENCH BROAD RIVER AT ROSMAN, NC",178.6674,True,190268.0,99.0,8760.0,43784.0,1985.0,True,35.14333333,-82.82472222,337353.0
RTRN7,West Fork Pigeon at Retreat,0345577330,"WEST FORK PIGEON RIVER NEAR RETREAT, NC",86.34329,True,186734.0,97.0,8759.0,43696.0,1990.0,True,35.426667,-82.919722,288303.0
SALV2,North Fork Holston at Saltville,03488000,"N F HOLSTON RIVER NEAR SALTVILLE, VA",578.206,True,187082.0,97.0,8757.0,43658.0,1990.0,False,36.89678115,-81.74622934,282131.0
SEET1,Sewee Creek near Decatur,03543500,"SEWEE CREEK NEAR DECATUR, TN",304.5897,True,56327.0,29.0,7889.0,42765.0,1984.0,False,35.5813165,-84.7480508,156073.0
SEVT1,Little Pigeon at Sevierville,03470000,"LITTLE PIGEON RIVER AT SEVIERVILLE, TN",911.8305,True,59066.0,31.0,8725.0,43800.0,2012.0,False,35.87842286,-83.57766919,111591.0
SGWN7,Watauga nr Sugar Grove,03479000,"WATAUGA RIVER NEAR SUGAR GROVE, NC",235.6011,True,184120.0,95.0,8591.0,43300.0,1986.0,False,36.23916667,-81.82222222,324837.0
SMFV2,Middle Fork Holston at 7 Mile Ford,03474000,"MIDDLE FORK HOLSTON RIVER AT SEVEN MILE FORD, VA",341.9203,True,190290.0,99.0,8755.0,43705.0,1996.0,True,36.80733756,-81.62206173,244952.0
TLRT1,Tellico River at Tellico Plains,,,,False,,,,,,True,,,
TWNT1,Little abv Townsend,,,,False,,,,,,False,,,
VSTV2,South Fork Holston near Damascus,,,,False,,,,,,False,,,
WCKG1,West Chickamauga at Ft Oglethorpe,03567340,,,False,,,,,,True,,,
WDVA1,Paint Rock nr Woodville,03574500,PAINT ROCK RIVER NEAR WOODVILLE AL,813.8025,True,190978.0,99.0,8758.0,43654.0,1994.0,False,34.62425473,-86.30637373,260079.0
WHTT1,Sequatchie nr Whitwell,03571000,"SEQUATCHIE RIVER NEAR WHITWELL, TN",1000.612,True,149999.0,78.0,8739.0,43763.0,1989.0,False,35.20657915,-85.49709833,245227.0
