STAID,STANAME,DRAIN_SQKM,LAT_GAGE,LNG_GAGE,nearest_tva_node,nearest_tva_m,tva_node_id,match_method,has_tva_data
03455000,"FRENCH BROAD RIVER NEAR NEWPORT, TN",4799.169,35.98161123,-83.16108773,NWPT1,15.3,NWPT1,TVA usgs_id attribute,True
03453500,"FRENCH BROAD RIVER AT MARSHALL, NC",3448.471,35.78638889,-82.66083333,MARN7,0.0,MARN7,TVA usgs_id attribute,True
03453000,IVY CREEK NEAR MARSHALL N C,408.69,35.76972222,-82.62083333,IVYN7,0.0,IVYN7,co-located (<= 500 m),True
0344894205,"NORTH FORK SWANNANOA RIVER NEAR WALKERTOWN, NC",38.6046,35.683333,-82.333056,BLTN7,23027.3,,none,False
03450000,"BEETREE CREEK NEAR SWANNANOA, NC",14.0805,35.65305556,-82.40527778,BLTN7,15744.8,,none,False
03451500,"FRENCH BROAD RIVER AT ASHEVILLE, NC",2444.736,35.60888889,-82.57805556,AVLN7,0.0,AVLN7,TVA usgs_id attribute,True
03451000,"SWANNANOA RIVER AT BILTMORE, NC",335.4329,35.56833333,-82.54472222,BLTN7,0.0,BLTN7,TVA usgs_id attribute,True
03447687,"FRENCH BROAD RIVER NEAR FLETCHER, NC",1655.622,35.4275,-82.548056,FLCN7,443.8,FLCN7,co-located (<= 500 m),True
03446000,"MILLS RIVER NEAR MILLS RIVER, NC",172.5642,35.39805556,-82.595,FLCN7,5177.5,,none,False
03443000,"FRENCH BROAD RIVER AT BLANTYRE, NC",765.5247,35.29916667,-82.62388889,BLAN7,0.0,BLAN7,TVA usgs_id attribute,True
03441000,"DAVIDSON RIVER NEAR BREVARD, NC",104.292,35.27305556,-82.70583333,BLAN7,7996.6,,none,False
03439000,"FRENCH BROAD RIVER AT ROSMAN, NC",178.6674,35.14333333,-82.82472222,ROSN7,0.0,ROSN7,TVA usgs_id attribute,True
